"0","# Install and load required packages"
"0","install.packages(c(""tidyverse"", ""ggplot2"", ""leaflet""))"
"1","Error in "
"1",""
"1","install.packages"
"1",""
"1"," : "
"1",""
"1","Updating loaded packages"
"1",""
"1","
"
"0","# Load required libraries"
"0","library(tidyverse)"
"0","library(ggplot2)"
"0","library(leaflet)"
"0",""
"0","# Now, you can proceed with your code using map_world"
"0",""
"0",""
"0","# Read data"
"0","meta_data <- read_csv(""meta_data.csv"")"
"2","[1mRows: [22m[34m13986[39m [1mColumns: [22m[34m4[39m"
"2","[36m──[39m [1mColumn specification[22m [36m─────────────────────────────────────────────────────────────────────────[39m
[1mDelimiter:[22m "",""
[31mchr[39m (1): country
[32mdbl[39m (3): year, GNI (current US$), Life expectancy at birth, total (years)"
"2","
[36mℹ[39m Use `spec()` to retrieve the full column specification for this data.
[36mℹ[39m Specify the column types or set `show_col_types = FALSE` to quiet this message."
"0","unicef <- read_csv(""unicef.csv"")"
"2","[1mRows: [22m[34m1094[39m [1mColumns: [22m[34m3[39m"
"2","[36m──[39m [1mColumn specification[22m [36m─────────────────────────────────────────────────────────────────────────[39m
[1mDelimiter:[22m "",""
[31mchr[39m (1): country
[32mdbl[39m (2): time_period, obs_value"
"2","
[36mℹ[39m Use `spec()` to retrieve the full column specification for this data.
[36mℹ[39m Specify the column types or set `show_col_types = FALSE` to quiet this message."
"0","# Rename column in unicef"
"0","colnames(unicef)[colnames(unicef) == 'time_period'] <- 'year'"
"0",""
"0","# Join data"
"0","data_join <- inner_join(meta_data, unicef, by = c(""country"", ""year""))"
"0",""
"0","# Filter data for year 2018"
"0","data_2018 <- filter(data_join, year == 2018)"
"0",""
"0","map_world <- map_data(""world"")"
"0","# Map 1"
"0","map_data_join <- full_join(data_join, map_world, by = c(""country"" = ""region""))"
"2","Warning: Detected an unexpected many-to-many relationship between `x` and `y`."
"0","# Plot Map 1"
"0","ggplot(map_data_join) +"
"0","  aes(x = long, y = lat, group = group, fill = obs_value) +"
"0","  geom_polygon()"
